{
  "sizes": [
    1000,
    2000,
    3000,
    4000,
    5000,
    6000,
    7000,
    8000,
    9000,
    10000,
    11000,
    12000,
    13000,
    14000,
    15000,
    16000,
    17000,
    18000,
    19000,
    20000,
    21000,
    22000,
    23000,
    24000,
    25000,
    26000,
    27000,
    28000,
    29000,
    30000,
    31000,
    32000,
    33000,
    34000,
    35000,
    36000,
    37000,
    38000,
    39000,
    40000,
    41000,
    42000,
    43000,
    44000,
    45000,
    46000,
    47000,
    48000,
    49000,
    50000,
    51000,
    52000,
    53000,
    54000,
    55000,
    56000,
    57000,
    58000,
    59000,
    60000,
    61000,
    62000,
    63000,
    64000,
    65000,
    66000,
    67000,
    68000,
    69000,
    70000,
    71000,
    72000,
    73000,
    74000,
    75000,
    76000,
    77000,
    78000,
    79000,
    80000,
    81000,
    82000,
    83000,
    84000,
    85000,
    86000,
    87000,
    88000,
    89000,
    90000,
    91000,
    92000,
    93000,
    94000,
    95000,
    96000,
    97000,
    98000,
    99000,
    100000
  ],
  "errors": {
    "10": [
      0.6756947363036618,
      0.6610344175014559,
      0.6163172134645154,
      0.6523852929411279,
      0.623086178044746,
      0.6398295184210312,
      0.5845900259441043,
      0.5973493150581826,
      0.639471467687988,
      0.6029518611936487,
      0.6250705818969893,
      0.6154533866982221,
      0.6039820651636002,
      0.6227021010669848,
      0.6033124929969401,
      0.6102798470978971,
      0.616376992096993,
      0.6399070504364487,
      0.5856138037804629,
      0.5797359739202961,
      0.6253789963201224,
      0.5934419530675931,
      0.6087153856758842,
      0.6115979473267765,
      0.6099187623441849,
      0.6129132387661789,
      0.6214526973652045,
      0.6115371931679604,
      0.6088490352782275,
      0.5986244632305634,
      0.6266098764334483,
      0.599401471694969,
      0.6035855324322901,
      0.6087883322243492,
      0.6285319514341404,
      0.6010594745960846,
      0.6226449501641637,
      0.6195465542990448,
      0.6014675341924995,
      0.6126639036509687,
      0.6121911025000835,
      0.5961077476189373,
      0.6158548153919585,
      0.6048383271294602,
      0.6237816064195524,
      0.5952073411806662,
      0.6113985482392956,
      0.6401195843727722,
      0.6133845917595558,
      0.6107846753547225,
      0.6319083419713174,
      0.6164435228760895,
      0.6239291058977193,
      0.6128461382505986,
      0.6324887698783935,
      0.6116458920458666,
      0.6006666404617537,
      0.6185950793836459,
      0.6122675944814967,
      0.616422392774717,
      0.6170157540147453,
      0.6180055408717754,
      0.6135998873463115,
      0.6236215407325605,
      0.6259103145381738,
      0.6101202791591613,
      0.6145990246223472,
      0.6095877882294153,
      0.6262957257006363,
      0.6110903490447754,
      0.6152967653376455,
      0.6080292914482704,
      0.6062292436058281,
      0.6225759692783585,
      0.6229178540137625,
      0.6191448091117309,
      0.630427951989565,
      0.6213926072662642,
      0.6123830073462319,
      0.611389227063567,
      0.6108571936676481,
      0.602655678853074,
      0.627611647241762,
      0.61887310809838,
      0.6084527794612947,
      0.6221873643816289,
      0.6126229936958297,
      0.6040000362355729,
      0.6114969737279267,
      0.6145661663451408,
      0.6252119134381372,
      0.6241705326901695,
      0.611124366058752,
      0.6242274846020242,
      0.6177626248358128,
      0.620385110349812,
      0.6197960763767651,
      0.6182645672608558,
      0.6204303011284648,
      0.6069281425858128
    ],
    "50": [
      0.3315719058631843,
      0.19591277903426713,
      0.1666610465589327,
      0.18547838191546262,
      0.21180700622085777,
      0.19254026071530017,
      0.1217717053811705,
      0.13107005358040155,
      0.1493446180486805,
      0.12902385929543758,
      0.1376466455501387,
      0.12445058736176363,
      0.13413757989015673,
      0.15967051482935832,
      0.1520147882571947,
      0.09430874778505222,
      0.1449247160072607,
      0.14994238922215844,
      0.13981504774186254,
      0.10160848860347703,
      0.1249135361206897,
      0.13266841477528268,
      0.13082327158786547,
      0.13198006345462276,
      0.10682681682468756,
      0.1310589515141118,
      0.13750486133620468,
      0.12765627163970697,
      0.11489060914948965,
      0.12343369363382752,
      0.12323914278224754,
      0.12547358168374784,
      0.11697431293852248,
      0.10692224543472807,
      0.1319758208018861,
      0.10509527818217804,
      0.10669497754787356,
      0.117866403793437,
      0.1062043243329141,
      0.12227110417146057,
      0.11665761198925358,
      0.10361375160663087,
      0.11868264828762658,
      0.11284475584173788,
      0.11721337867938458,
      0.09818806486408647,
      0.10848397499639517,
      0.11675674789243724,
      0.12251691098929755,
      0.11189641603374434,
      0.10950019628079885,
      0.10579842464291907,
      0.1180364899947473,
      0.10906410845822023,
      0.11030330385855679,
      0.11959914232764814,
      0.12961195330123795,
      0.101721153474897,
      0.11839315422538163,
      0.11888613180173645,
      0.11114033491620325,
      0.11350553177537658,
      0.10938229260908199,
      0.10154300853635789,
      0.09798966047013544,
      0.10904402109402658,
      0.10716391698973458,
      0.1181518605775686,
      0.1149628234669543,
      0.1072252106899181,
      0.10990674302255653,
      0.12164755529379911,
      0.11263943221379642,
      0.1181350803459854,
      0.11783403856893221,
      0.10864942777967856,
      0.10477814265091241,
      0.10404026566587499,
      0.10376731311228679,
      0.10935976791707537,
      0.11412243757932049,
      0.12715252692796905,
      0.10879354642529503,
      0.11789896632401,
      0.11574881679240194,
      0.11135059041298305,
      0.11380198191299574,
      0.10580425016149667,
      0.10319066210001757,
      0.11485917198786214,
      0.10933028813998205,
      0.11293222603549542,
      0.1074111865938325,
      0.10519008104824494,
      0.11028630206931327,
      0.11856889905836111,
      0.11403847648010645,
      0.1111014434621697,
      0.10462928591902552,
      0.11585220446862854
    ],